run_ts_utc,experiment_name,train_cut,test_cut,test_end,model,logloss,accuracy,macro_f1,home_recall,draw_recall,away_recall,home_precision,draw_precision,away_precision,bets,hit_rate,roi,profit,avg_odds,winner_logloss,winner_roi
2026-04-13T17:48:27.076205+00:00,baseline_xgboost_v3_formpoints,2024-07-01,2025-07-01,,base,0.99199,0.522929,,,,,,,,1048,32.2519,-3.5706,-0.8911,3.6958,0,0
2026-04-13T17:48:27.076205+00:00,baseline_xgboost_v3_formpoints,2024-07-01,2025-07-01,,market,0.97051,0.54068,,,,,,,,0,0.0,0.0,0.0,0.0,1,1
2026-04-13T17:48:27.076205+00:00,baseline_xgboost_v3_formpoints,2024-07-01,2025-07-01,,meta,0.978727,0.535503,,,,,,,,959,29.8227,-0.1016,-0.0167,3.852,0,0
2026-04-13T17:48:27.076205+00:00,baseline_xgboost_v3_formpoints,2024-07-01,2025-07-01,,mlp,0.980517,0.54216,,,,,,,,1077,27.1123,-0.9652,-0.1733,4.2192,0,0
2026-04-13T17:48:27.076205+00:00,baseline_xgboost_v3_formpoints,2024-07-01,2025-07-01,,ensemble,0.972518,0.54068,,,,,,,,539,23.9332,-3.4827,-0.1538,4.6823,0,0
2026-04-13T17:52:29.623641+00:00,baseline_xgboost_v3_formpoints,2024-07-01,2025-07-01,,base,0.99199,0.522929,,,,,,,,1048,32.2519,-3.5706,-0.8911,3.6958,0,0
2026-04-13T17:52:29.623641+00:00,baseline_xgboost_v3_formpoints,2024-07-01,2025-07-01,,market,0.97051,0.54068,,,,,,,,0,0.0,0.0,0.0,0.0,1,0
2026-04-13T17:52:29.623641+00:00,baseline_xgboost_v3_formpoints,2024-07-01,2025-07-01,,meta,0.978727,0.535503,,,,,,,,959,29.8227,-0.1016,-0.0167,3.852,0,0
2026-04-13T17:52:29.623641+00:00,baseline_xgboost_v3_formpoints,2024-07-01,2025-07-01,,mlp,0.979418,0.54216,,,,,,,,1076,30.3903,0.596,0.1164,3.9563,0,1
2026-04-13T17:52:29.623641+00:00,baseline_xgboost_v3_formpoints,2024-07-01,2025-07-01,,ensemble,0.972114,0.539941,,,,,,,,510,25.8824,-0.5346,-0.0242,4.4312,0,0
2026-04-13T17:54:47.718626+00:00,baseline_xgboost_v3_formpoints,2024-07-01,2025-07-01,,base,0.99199,0.522929,,,,,,,,1048,32.2519,-3.5706,-0.8911,3.6958,0,0
2026-04-13T17:54:47.718626+00:00,baseline_xgboost_v3_formpoints,2024-07-01,2025-07-01,,market,0.97051,0.54068,,,,,,,,0,0.0,0.0,0.0,0.0,1,0
2026-04-13T17:54:47.718626+00:00,baseline_xgboost_v3_formpoints,2024-07-01,2025-07-01,,meta,0.978727,0.535503,,,,,,,,959,29.8227,-0.1016,-0.0167,3.852,0,0
2026-04-13T17:54:47.718626+00:00,baseline_xgboost_v3_formpoints,2024-07-01,2025-07-01,,mlp,0.979418,0.54216,,,,,,,,1076,30.3903,0.596,0.1164,3.9563,0,1
2026-04-13T17:54:47.718626+00:00,baseline_xgboost_v3_formpoints,2024-07-01,2025-07-01,,ensemble,0.971235,0.54142,,,,,,,,129,22.4806,-12.9968,-0.1127,4.9085,0,0
2026-04-13T17:56:28.618321+00:00,baseline_xgboost_v3_formpoints,2024-07-01,2025-07-01,,base,0.99199,0.522929,,,,,,,,1048,32.2519,-3.5706,-0.8911,3.6958,0,0
2026-04-13T17:56:28.618321+00:00,baseline_xgboost_v3_formpoints,2024-07-01,2025-07-01,,market,0.97051,0.54068,,,,,,,,0,0.0,0.0,0.0,0.0,1,0
2026-04-13T17:56:28.618321+00:00,baseline_xgboost_v3_formpoints,2024-07-01,2025-07-01,,meta,0.978727,0.535503,,,,,,,,959,29.8227,-0.1016,-0.0167,3.852,0,0
2026-04-13T17:56:28.618321+00:00,baseline_xgboost_v3_formpoints,2024-07-01,2025-07-01,,mlp,0.979418,0.54216,,,,,,,,1076,30.3903,0.596,0.1164,3.9563,0,1
2026-04-13T17:56:28.618321+00:00,baseline_xgboost_v3_formpoints,2024-07-01,2025-07-01,,ensemble,0.971235,0.54142,,,,,,,,129,22.4806,-12.9968,-0.1127,4.9085,0,0
2026-04-26T15:03:51.695604+00:00,baseline_xgboost_v3_formpoints,2024-07-01,2025-07-01,,base,0.99199,0.522929,,,,,,,,1048,32.2519,-3.5706,-0.8911,3.6958,0,0
2026-04-26T15:03:51.695604+00:00,baseline_xgboost_v3_formpoints,2024-07-01,2025-07-01,,market,0.97051,0.54068,,,,,,,,0,0.0,0.0,0.0,0.0,1,0
2026-04-26T15:03:51.695604+00:00,baseline_xgboost_v3_formpoints,2024-07-01,2025-07-01,,meta,0.978727,0.535503,,,,,,,,959,29.8227,-0.1016,-0.0167,3.852,0,0
2026-04-26T15:03:51.695604+00:00,baseline_xgboost_v3_formpoints,2024-07-01,2025-07-01,,mlp,0.979418,0.54216,,,,,,,,1076,30.3903,0.596,0.1164,3.9563,0,1
2026-04-26T15:03:51.695604+00:00,baseline_xgboost_v3_formpoints,2024-07-01,2025-07-01,,ensemble,0.971235,0.54142,,,,,,,,129,22.4806,-12.9968,-0.1127,4.9085,0,0
2026-04-26T17:51:41.949124+00:00,baseline_xgboost_v3_formpoints,2024-07-01,2025-07-01,,base,0.993119,0.519231,,,,,,,,1015,26.8966,-8.8816,-1.8562,4.142,0,0
2026-04-26T17:51:41.949124+00:00,baseline_xgboost_v3_formpoints,2024-07-01,2025-07-01,,market,0.97051,0.54068,,,,,,,,0,0.0,0.0,0.0,0.0,1,0
2026-04-26T17:51:41.949124+00:00,baseline_xgboost_v3_formpoints,2024-07-01,2025-07-01,,meta,0.979956,0.536243,,,,,,,,984,27.439,-0.5755,-0.0911,4.0557,0,0
2026-04-26T17:51:41.949124+00:00,baseline_xgboost_v3_formpoints,2024-07-01,2025-07-01,,mlp,0.976796,0.528107,,,,,,,,1077,27.2981,4.0995,0.7101,4.2402,0,1
2026-04-26T17:51:41.949124+00:00,baseline_xgboost_v3_formpoints,2024-07-01,2025-07-01,,ensemble,0.97051,0.54068,,,,,,,,0,0.0,0.0,0.0,0.0,0,0
2026-04-26T21:30:23.190296+00:00,baseline_xgboost_v3_formpoints,2024-07-01,2025-07-01,,base,0.993119,0.519231,,,,,,,,1015,26.8966,-8.8816,-1.8562,4.142,0,0
2026-04-26T21:30:23.190296+00:00,baseline_xgboost_v3_formpoints,2024-07-01,2025-07-01,,market,0.97051,0.54068,,,,,,,,0,0.0,0.0,0.0,0.0,1,0
2026-04-26T21:30:23.190296+00:00,baseline_xgboost_v3_formpoints,2024-07-01,2025-07-01,,meta,0.980271,0.538462,,,,,,,,985,26.802,-0.6905,-0.1067,4.1534,0,0
2026-04-26T21:30:23.190296+00:00,baseline_xgboost_v3_formpoints,2024-07-01,2025-07-01,,mlp,1.002008,0.517751,,,,,,,,1089,25.4362,0.9719,0.2367,4.2463,0,1
2026-04-26T21:30:23.190296+00:00,baseline_xgboost_v3_formpoints,2024-07-01,2025-07-01,,ensemble,0.971121,0.539941,,,,,,,,88,18.1818,-0.1345,-0.0004,5.8435,0,0
2026-04-27T10:27:29.097492+00:00,baseline_xgboost_v3_formpoints,2024-07-01,2025-07-01,,base,0.993119,0.519231,,,,,,,,1015,26.8966,-8.8816,-1.8562,4.142,0,0
2026-04-27T10:27:29.097492+00:00,baseline_xgboost_v3_formpoints,2024-07-01,2025-07-01,,market,0.97051,0.54068,,,,,,,,0,0.0,0.0,0.0,0.0,1,0
2026-04-27T10:27:29.097492+00:00,baseline_xgboost_v3_formpoints,2024-07-01,2025-07-01,,meta,0.979443,0.534763,,,,,,,,996,29.4177,1.5453,0.2723,3.8408,0,0
2026-04-27T10:27:29.097492+00:00,baseline_xgboost_v3_formpoints,2024-07-01,2025-07-01,,logreg,0.972967,0.535503,,,,,,,,878,32.6879,2.4013,0.2329,3.7428,0,0
2026-04-27T10:27:29.097492+00:00,baseline_xgboost_v3_formpoints,2024-07-01,2025-07-01,,mlp,0.976431,0.524408,,,,,,,,1117,27.8424,7.209,1.4128,4.0832,0,1
2026-04-27T10:27:29.097492+00:00,baseline_xgboost_v3_formpoints,2024-07-01,2025-07-01,,ensemble,0.97051,0.54068,,,,,,,,0,0.0,0.0,0.0,0.0,0,0
2026-04-27T10:48:46.990190+00:00,baseline_xgboost_v3_formpoints,2024-07-01,2025-07-01,,base,0.993119,0.519231,,,,,,,,1015,26.8966,-8.8816,-1.8562,4.142,0,0
2026-04-27T10:48:46.990190+00:00,baseline_xgboost_v3_formpoints,2024-07-01,2025-07-01,,market,0.97051,0.54068,,,,,,,,0,0.0,0.0,0.0,0.0,1,0
2026-04-27T10:48:46.990190+00:00,baseline_xgboost_v3_formpoints,2024-07-01,2025-07-01,,meta,0.978331,0.530325,,,,,,,,1032,28.9729,-4.4365,-0.8117,3.8335,0,0
2026-04-27T10:48:46.990190+00:00,baseline_xgboost_v3_formpoints,2024-07-01,2025-07-01,,logreg,0.974493,0.530325,,,,,,,,1191,34.9286,-0.2197,-0.0421,3.4484,0,0
2026-04-27T10:48:46.990190+00:00,baseline_xgboost_v3_formpoints,2024-07-01,2025-07-01,,mlp,0.977783,0.525888,,,,,,,,1060,25.1887,1.2042,0.1857,4.375,0,1
2026-04-27T10:48:46.990190+00:00,baseline_xgboost_v3_formpoints,2024-07-01,2025-07-01,,ensemble,0.97051,0.54068,,,,,,,,0,0.0,0.0,0.0,0.0,0,0
2026-04-27T10:58:45.866301+00:00,baseline_xgboost_v3_formpoints,2024-07-01,2025-07-01,,base,0.993119,0.519231,,,,,,,,1015,26.8966,-8.8816,-1.8562,4.142,0,0
2026-04-27T10:58:45.866301+00:00,baseline_xgboost_v3_formpoints,2024-07-01,2025-07-01,,market,0.97051,0.54068,,,,,,,,0,0.0,0.0,0.0,0.0,1,0
2026-04-27T10:58:45.866301+00:00,baseline_xgboost_v3_formpoints,2024-07-01,2025-07-01,,meta,0.977252,0.529586,,,,,,,,982,28.4114,-4.0534,-0.6276,3.9037,0,0
2026-04-27T10:58:45.866301+00:00,baseline_xgboost_v3_formpoints,2024-07-01,2025-07-01,,logreg,0.974558,0.532544,,,,,,,,1192,34.8993,-0.6617,-0.128,3.4368,0,0
2026-04-27T10:58:45.866301+00:00,baseline_xgboost_v3_formpoints,2024-07-01,2025-07-01,,mlp,0.977779,0.528846,,,,,,,,1052,25.3802,1.1763,0.1773,4.375,0,1
2026-04-27T10:58:45.866301+00:00,baseline_xgboost_v3_formpoints,2024-07-01,2025-07-01,,ensemble,0.97051,0.54068,,,,,,,,0,0.0,0.0,0.0,0.0,0,0
2026-04-27T12:25:23.148916+00:00,final_market_xg_comparison,2024-07-01,2025-07-01,,base,0.993119,0.519231,,,,,,,,1015,26.8966,-8.8816,-1.8562,4.142,0,0
2026-04-27T12:25:23.148916+00:00,final_market_xg_comparison,2024-07-01,2025-07-01,,market,0.97051,0.54068,,,,,,,,0,0.0,0.0,0.0,0.0,1,0
2026-04-27T12:25:23.148916+00:00,final_market_xg_comparison,2024-07-01,2025-07-01,,meta,0.978022,0.529586,,,,,,,,958,27.8706,-2.2876,-0.3354,3.984,0,0
2026-04-27T12:25:23.148916+00:00,final_market_xg_comparison,2024-07-01,2025-07-01,,logreg,0.974558,0.532544,,,,,,,,1192,34.8993,-0.6617,-0.128,3.4368,0,0
2026-04-27T12:25:23.148916+00:00,final_market_xg_comparison,2024-07-01,2025-07-01,,mlp,0.974585,0.530325,,,,,,,,1029,29.0573,2.0201,0.3299,4.0264,0,1
2026-04-27T12:25:23.148916+00:00,final_market_xg_comparison,2024-07-01,2025-07-01,,ensemble,0.97051,0.54068,,,,,,,,0,0.0,0.0,0.0,0.0,0,0
2026-04-27T12:45:05.121695+00:00,final_market_xg_comparison,2024-07-01,2025-07-01,,base,0.993119,0.519231,,,,,,,,1015,26.8966,-8.8816,-1.8562,4.142,0,0
2026-04-27T12:45:05.121695+00:00,final_market_xg_comparison,2024-07-01,2025-07-01,,market,0.97051,0.54068,,,,,,,,0,0.0,0.0,0.0,0.0,1,0
2026-04-27T12:45:05.121695+00:00,final_market_xg_comparison,2024-07-01,2025-07-01,,meta,0.978022,0.529586,,,,,,,,958,27.8706,-2.2876,-0.3354,3.984,0,0
2026-04-27T12:45:05.121695+00:00,final_market_xg_comparison,2024-07-01,2025-07-01,,logreg,0.974558,0.532544,,,,,,,,1192,34.8993,-0.6617,-0.128,3.4368,0,0
2026-04-27T12:45:05.121695+00:00,final_market_xg_comparison,2024-07-01,2025-07-01,,mlp,0.974585,0.530325,,,,,,,,1029,29.0573,2.0201,0.3299,4.0264,0,1
2026-04-27T12:45:05.121695+00:00,final_market_xg_comparison,2024-07-01,2025-07-01,,ensemble,0.97051,0.54068,,,,,,,,0,0.0,0.0,0.0,0.0,0,0
2026-04-27T12:52:43.465916+00:00,final_market_xg_comparison,2024-07-01,2025-07-01,,base,0.993119,0.519231,,,,,,,,1015,26.8966,-8.8816,-1.8562,4.142,0,0
2026-04-27T12:52:43.465916+00:00,final_market_xg_comparison,2024-07-01,2025-07-01,,market,0.97051,0.54068,,,,,,,,0,0.0,0.0,0.0,0.0,1,0
2026-04-27T12:52:43.465916+00:00,final_market_xg_comparison,2024-07-01,2025-07-01,,meta,0.978022,0.529586,,,,,,,,958,27.8706,-2.2876,-0.3354,3.984,0,0
2026-04-27T12:52:43.465916+00:00,final_market_xg_comparison,2024-07-01,2025-07-01,,logreg,0.974558,0.532544,,,,,,,,1192,34.8993,-0.6617,-0.128,3.4368,0,0
2026-04-27T12:52:43.465916+00:00,final_market_xg_comparison,2024-07-01,2025-07-01,,mlp,0.974585,0.530325,,,,,,,,1029,29.0573,2.0201,0.3299,4.0264,0,1
2026-04-27T12:52:43.465916+00:00,final_market_xg_comparison,2024-07-01,2025-07-01,,ensemble,0.97051,0.54068,,,,,,,,0,0.0,0.0,0.0,0.0,0,0
2026-04-27T12:58:14.029499+00:00,final_market_xg_comparison,2024-07-01,2025-07-01,,base,0.993119,0.519231,,,,,,,,1015,26.8966,-8.8816,-1.8562,4.142,0,0
2026-04-27T12:58:14.029499+00:00,final_market_xg_comparison,2024-07-01,2025-07-01,,market,0.97051,0.54068,,,,,,,,0,0.0,0.0,0.0,0.0,1,0
2026-04-27T12:58:14.029499+00:00,final_market_xg_comparison,2024-07-01,2025-07-01,,meta,0.978022,0.529586,,,,,,,,958,27.8706,-2.2876,-0.3354,3.984,0,0
2026-04-27T12:58:14.029499+00:00,final_market_xg_comparison,2024-07-01,2025-07-01,,logreg,0.974558,0.532544,,,,,,,,1192,34.8993,-0.6617,-0.128,3.4368,0,0
2026-04-27T12:58:14.029499+00:00,final_market_xg_comparison,2024-07-01,2025-07-01,,mlp,0.974585,0.530325,,,,,,,,1029,29.0573,2.0201,0.3299,4.0264,0,1
2026-04-27T12:58:14.029499+00:00,final_market_xg_comparison,2024-07-01,2025-07-01,,ensemble,0.97051,0.54068,,,,,,,,0,0.0,0.0,0.0,0.0,0,0
2026-05-08T13:14:51.570559+00:00,final_market_xg_comparison,2024-07-01,2025-07-01,,base,0.993119,0.519231,,,,,,,,1015,26.8966,-8.8816,-1.8562,4.142,0,0
2026-05-08T13:14:51.570559+00:00,final_market_xg_comparison,2024-07-01,2025-07-01,,market,0.97051,0.54068,,,,,,,,0,0.0,0.0,0.0,0.0,1,0
2026-05-08T13:14:51.570559+00:00,final_market_xg_comparison,2024-07-01,2025-07-01,,meta,0.978022,0.529586,,,,,,,,958,27.8706,-2.2876,-0.3354,3.984,0,0
2026-05-08T13:14:51.570559+00:00,final_market_xg_comparison,2024-07-01,2025-07-01,,logreg,0.974558,0.532544,,,,,,,,1192,34.8993,-0.6617,-0.128,3.4368,0,0
2026-05-08T13:14:51.570559+00:00,final_market_xg_comparison,2024-07-01,2025-07-01,,mlp,0.974585,0.530325,,,,,,,,1029,29.0573,2.0201,0.3299,4.0264,0,1
2026-05-08T13:14:51.570559+00:00,final_market_xg_comparison,2024-07-01,2025-07-01,,ensemble,0.97051,0.54068,,,,,,,,0,0.0,0.0,0.0,0.0,0,0
2026-05-08T13:30:12.852974+00:00,final_market_xg_comparison,2024-07-01,2025-07-01,,base,0.996807,0.515566,,,,,,,,984,26.626,-9.4032,-1.9068,4.1482,0,0
2026-05-08T13:30:12.852974+00:00,final_market_xg_comparison,2024-07-01,2025-07-01,,market,0.973684,0.537585,,,,,,,,0,0.0,0.0,0.0,0.0,1,0
2026-05-08T13:30:12.852974+00:00,final_market_xg_comparison,2024-07-01,2025-07-01,,meta,0.981455,0.525437,,,,,,,,929,27.5565,-2.6863,-0.3808,3.98,0,0
2026-05-08T13:30:12.852974+00:00,final_market_xg_comparison,2024-07-01,2025-07-01,,logreg,0.978086,0.528474,,,,,,,,1164,34.8797,-1.149,-0.2178,3.4291,0,0
2026-05-08T13:30:12.852974+00:00,final_market_xg_comparison,2024-07-01,2025-07-01,,mlp,0.978063,0.525437,,,,,,,,998,29.1583,2.034,0.323,4.0246,0,1
2026-05-08T13:30:12.852974+00:00,final_market_xg_comparison,2024-07-01,2025-07-01,,ensemble,0.973684,0.537585,,,,,,,,0,0.0,0.0,0.0,0.0,0,0
2026-05-11T12:44:34.118924+00:00,final_market_xg_comparison,2024-07-01,2025-07-01,,base,0.99526,0.51494,,,,,,,,1206,27.6949,-5.9519,-1.4709,4.098,0,0
2026-05-11T12:44:34.118924+00:00,final_market_xg_comparison,2024-07-01,2025-07-01,,market,0.975365,0.53719,,,,,,,,0,0.0,0.0,0.0,0.0,1,0
2026-05-11T12:44:34.118924+00:00,final_market_xg_comparison,2024-07-01,2025-07-01,,meta,0.979294,0.535919,,,,,,,,1086,31.2155,0.8451,0.1487,3.7638,0,1
2026-05-11T12:44:34.118924+00:00,final_market_xg_comparison,2024-07-01,2025-07-01,,logreg,0.977604,0.529561,,,,,,,,1070,32.9907,0.3967,0.049,3.656,0,0
2026-05-11T12:44:34.118924+00:00,final_market_xg_comparison,2024-07-01,2025-07-01,,mlp,0.980066,0.523204,,,,,,,,1226,28.956,0.4069,0.0801,4.0291,0,0
2026-05-11T12:44:34.118924+00:00,final_market_xg_comparison,2024-07-01,2025-07-01,,ensemble,0.975365,0.53719,,,,,,,,0,0.0,0.0,0.0,0.0,0,0
2026-05-11T13:33:06.675197+00:00,final_market_xg_comparison,2024-07-01,2025-07-01,,base,0.99526,0.51494,,,,,,,,1206,27.6949,-5.9519,-1.4709,4.098,0,0
2026-05-11T13:33:06.675197+00:00,final_market_xg_comparison,2024-07-01,2025-07-01,,market,0.975365,0.53719,,,,,,,,0,0.0,0.0,0.0,0.0,1,0
2026-05-11T13:33:06.675197+00:00,final_market_xg_comparison,2024-07-01,2025-07-01,,meta,0.979294,0.535919,,,,,,,,1086,31.2155,0.8451,0.1487,3.7638,0,1
2026-05-11T13:33:06.675197+00:00,final_market_xg_comparison,2024-07-01,2025-07-01,,logreg,0.977604,0.529561,,,,,,,,1070,32.9907,0.3967,0.049,3.656,0,0
2026-05-11T13:33:06.675197+00:00,final_market_xg_comparison,2024-07-01,2025-07-01,,mlp,0.980066,0.523204,,,,,,,,1226,28.956,0.4069,0.0801,4.0291,0,0
2026-05-11T13:33:06.675197+00:00,final_market_xg_comparison,2024-07-01,2025-07-01,,ensemble,0.975365,0.53719,,,,,,,,0,0.0,0.0,0.0,0.0,0,0
2026-05-11T13:43:46.529607+00:00,final_market_xg_comparison,2024-07-01,2025-07-01,,base,0.99526,0.51494,,,,,,,,1206,27.6949,-5.9519,-1.4709,4.098,0,0
2026-05-11T13:43:46.529607+00:00,final_market_xg_comparison,2024-07-01,2025-07-01,,market,0.975365,0.53719,,,,,,,,0,0.0,0.0,0.0,0.0,1,0
2026-05-11T13:43:46.529607+00:00,final_market_xg_comparison,2024-07-01,2025-07-01,,meta,0.979294,0.535919,,,,,,,,1086,31.2155,0.8451,0.1487,3.7638,0,1
2026-05-11T13:43:46.529607+00:00,final_market_xg_comparison,2024-07-01,2025-07-01,,logreg,0.977604,0.529561,,,,,,,,1070,32.9907,0.3967,0.049,3.656,0,0
2026-05-11T13:43:46.529607+00:00,final_market_xg_comparison,2024-07-01,2025-07-01,,mlp,0.980066,0.523204,,,,,,,,1226,28.956,0.4069,0.0801,4.0291,0,0
2026-05-11T13:43:46.529607+00:00,final_market_xg_comparison,2024-07-01,2025-07-01,,ensemble,0.975365,0.53719,,,,,,,,0,0.0,0.0,0.0,0.0,0,0
2026-05-11T13:47:08.629859+00:00,final_market_xg_comparison,2024-07-01,2025-07-01,,base,0.99526,0.51494,,,,,,,,1206,27.6949,-5.9519,-1.4709,4.098,0,0
2026-05-11T13:47:08.629859+00:00,final_market_xg_comparison,2024-07-01,2025-07-01,,market,0.975365,0.53719,,,,,,,,0,0.0,0.0,0.0,0.0,1,0
2026-05-11T13:47:08.629859+00:00,final_market_xg_comparison,2024-07-01,2025-07-01,,meta,0.979294,0.535919,,,,,,,,1086,31.2155,0.8451,0.1487,3.7638,0,1
2026-05-11T13:47:08.629859+00:00,final_market_xg_comparison,2024-07-01,2025-07-01,,logreg,0.977604,0.529561,,,,,,,,1070,32.9907,0.3967,0.049,3.656,0,0
2026-05-11T13:47:08.629859+00:00,final_market_xg_comparison,2024-07-01,2025-07-01,,mlp,0.980066,0.523204,,,,,,,,1226,28.956,0.4069,0.0801,4.0291,0,0
2026-05-11T13:47:08.629859+00:00,final_market_xg_comparison,2024-07-01,2025-07-01,,ensemble,0.975365,0.53719,,,,,,,,0,0.0,0.0,0.0,0.0,0,0
2026-05-11T14:04:06.549234+00:00,final_market_xg_comparison,2024-07-01,2025-07-01,,base,0.99526,0.51494,,,,,,,,1206,27.6949,-5.9519,-1.4709,4.098,0,0
2026-05-11T14:04:06.549234+00:00,final_market_xg_comparison,2024-07-01,2025-07-01,,market,0.975365,0.53719,,,,,,,,0,0.0,0.0,0.0,0.0,1,0
2026-05-11T14:04:06.549234+00:00,final_market_xg_comparison,2024-07-01,2025-07-01,,meta,0.979294,0.535919,,,,,,,,1086,31.2155,0.8451,0.1487,3.7638,0,1
2026-05-11T14:04:06.549234+00:00,final_market_xg_comparison,2024-07-01,2025-07-01,,logreg,0.977604,0.529561,,,,,,,,1070,32.9907,0.3967,0.049,3.656,0,0
2026-05-11T14:04:06.549234+00:00,final_market_xg_comparison,2024-07-01,2025-07-01,,mlp,0.980066,0.523204,,,,,,,,1226,28.956,0.4069,0.0801,4.0291,0,0
2026-05-11T14:04:06.549234+00:00,final_market_xg_comparison,2024-07-01,2025-07-01,,ensemble,0.975365,0.53719,,,,,,,,0,0.0,0.0,0.0,0.0,0,0
2026-05-12T14:37:01.063433+00:00,final_market_xg_comparison,2024-07-01,2025-07-01,,base,0.99526,0.51494,,,,,,,,1206,27.6949,-5.9519,-1.4709,4.098,0,0
2026-05-12T14:37:01.063433+00:00,final_market_xg_comparison,2024-07-01,2025-07-01,,market,0.975365,0.53719,,,,,,,,0,0.0,0.0,0.0,0.0,1,0
2026-05-12T14:37:01.063433+00:00,final_market_xg_comparison,2024-07-01,2025-07-01,,meta,0.979294,0.535919,,,,,,,,1086,31.2155,0.8451,0.1487,3.7638,0,1
2026-05-12T14:37:01.063433+00:00,final_market_xg_comparison,2024-07-01,2025-07-01,,logreg,0.977604,0.529561,,,,,,,,1070,32.9907,0.3967,0.049,3.656,0,0
2026-05-12T14:37:01.063433+00:00,final_market_xg_comparison,2024-07-01,2025-07-01,,mlp,0.980066,0.523204,,,,,,,,1226,28.956,0.4069,0.0801,4.0291,0,0
2026-05-12T14:37:01.063433+00:00,final_market_xg_comparison,2024-07-01,2025-07-01,,ensemble,0.975365,0.53719,,,,,,,,0,0.0,0.0,0.0,0.0,0,0
2026-05-12T15:35:44.548729+00:00,final_market_xg_comparison,2024-07-01,2025-07-01,,base,0.99526,0.51494,,,,,,,,1206,27.6949,-5.9519,-1.4709,4.098,0,0
2026-05-12T15:35:44.548729+00:00,final_market_xg_comparison,2024-07-01,2025-07-01,,market,0.975365,0.53719,,,,,,,,0,0.0,0.0,0.0,0.0,1,0
2026-05-12T15:35:44.548729+00:00,final_market_xg_comparison,2024-07-01,2025-07-01,,meta,0.979294,0.535919,,,,,,,,1086,31.2155,0.8451,0.1487,3.7638,0,1
2026-05-12T15:35:44.548729+00:00,final_market_xg_comparison,2024-07-01,2025-07-01,,logreg,0.977604,0.529561,,,,,,,,1070,32.9907,0.3967,0.049,3.656,0,0
2026-05-12T15:35:44.548729+00:00,final_market_xg_comparison,2024-07-01,2025-07-01,,mlp,0.980066,0.523204,,,,,,,,1226,28.956,0.4069,0.0801,4.0291,0,0
2026-05-12T15:35:44.548729+00:00,final_market_xg_comparison,2024-07-01,2025-07-01,,ensemble,0.975365,0.53719,,,,,,,,0,0.0,0.0,0.0,0.0,0,0
2026-05-12T16:10:28.727880+00:00,final_market_xg_comparison,2024-07-01,2025-07-01,,base,0.99526,0.51494,,,,,,,,1206,27.6949,-5.9519,-1.4709,4.098,0,0
2026-05-12T16:10:28.727880+00:00,final_market_xg_comparison,2024-07-01,2025-07-01,,market,0.975365,0.53719,,,,,,,,0,0.0,0.0,0.0,0.0,1,0
2026-05-12T16:10:28.727880+00:00,final_market_xg_comparison,2024-07-01,2025-07-01,,meta,0.982657,0.530197,,,,,,,,1154,28.8562,0.8693,0.1743,3.9353,0,0
2026-05-12T16:10:28.727880+00:00,final_market_xg_comparison,2024-07-01,2025-07-01,,logreg,0.977604,0.529561,,,,,,,,1070,32.9907,0.3967,0.049,3.656,0,0
2026-05-12T16:10:28.727880+00:00,final_market_xg_comparison,2024-07-01,2025-07-01,,mlp,0.980765,0.523204,,,,,,,,1271,30.0551,2.2724,0.5009,3.9004,0,1
2026-05-12T16:10:28.727880+00:00,final_market_xg_comparison,2024-07-01,2025-07-01,,ensemble,0.975365,0.53719,,,,,,,,0,0.0,0.0,0.0,0.0,0,0
2026-05-20T11:16:03.309715+00:00,final_market_xg_comparison,2024-07-01,2025-07-01,,base,0.99526,0.51494,,,,,,,,1206,27.6949,-5.9519,-1.4709,4.098,0,0
2026-05-20T11:16:03.309715+00:00,final_market_xg_comparison,2024-07-01,2025-07-01,,market,0.975365,0.53719,,,,,,,,0,0.0,0.0,0.0,0.0,1,0
2026-05-20T11:16:03.309715+00:00,final_market_xg_comparison,2024-07-01,2025-07-01,,meta,0.982657,0.530197,,,,,,,,1154,28.8562,0.8693,0.1743,3.9353,0,0
2026-05-20T11:16:03.309715+00:00,final_market_xg_comparison,2024-07-01,2025-07-01,,logreg,0.977604,0.529561,,,,,,,,1070,32.9907,0.3967,0.049,3.656,0,0
2026-05-20T11:16:03.309715+00:00,final_market_xg_comparison,2024-07-01,2025-07-01,,mlp,0.980765,0.523204,,,,,,,,1271,30.0551,2.2724,0.5009,3.9004,0,1
2026-05-20T11:16:03.309715+00:00,final_market_xg_comparison,2024-07-01,2025-07-01,,ensemble,0.975365,0.53719,,,,,,,,0,0.0,0.0,0.0,0.0,0,0
2026-05-20T12:10:10.539319+00:00,season_backtest_2023_2024,2022-07-01,2023-07-01,2024-07-01,base,0.981245,0.526826,,,,,,,,1211,26.2593,-16.5865,-4.6685,4.0908,0,0
2026-05-20T12:10:10.539319+00:00,season_backtest_2023_2024,2022-07-01,2023-07-01,2024-07-01,market,0.952462,0.55879,,,,,,,,0,0.0,0.0,0.0,0.0,1,0
2026-05-20T12:10:10.539319+00:00,season_backtest_2023_2024,2022-07-01,2023-07-01,2024-07-01,meta,0.964472,0.546233,,,,,,,,1151,26.4987,-7.5642,-1.2898,4.2887,0,0
2026-05-20T12:10:10.539319+00:00,season_backtest_2023_2024,2022-07-01,2023-07-01,2024-07-01,logreg,0.960246,0.551941,,,,,,,,619,17.7706,-22.8262,-1.1818,4.734,0,0
2026-05-20T12:10:10.539319+00:00,season_backtest_2023_2024,2022-07-01,2023-07-01,2024-07-01,mlp,0.979271,0.530251,,,,,,,,1358,22.4595,-13.2438,-3.309,4.4639,0,0
2026-05-20T12:10:10.539319+00:00,season_backtest_2023_2024,2022-07-01,2023-07-01,2024-07-01,ensemble,0.95341,0.560502,,,,,,,,13,15.3846,-2.6788,-0.0008,8.2746,0,1
2026-05-20T16:55:44.705870+00:00,season_backtest_2023_2024,2022-07-01,2023-07-01,2024-07-01,base,0.981245,0.526826,,,,,,,,1211,26.2593,-16.5865,-4.6685,4.0908,0,0
2026-05-20T16:55:44.705870+00:00,season_backtest_2023_2024,2022-07-01,2023-07-01,2024-07-01,market,0.952462,0.55879,,,,,,,,0,0.0,0.0,0.0,0.0,1,0
2026-05-20T16:55:44.705870+00:00,season_backtest_2023_2024,2022-07-01,2023-07-01,2024-07-01,meta,0.989882,0.5371,,,,,,,,1305,21.5326,-23.4247,-5.852,4.4944,0,0
2026-05-20T16:55:44.705870+00:00,season_backtest_2023_2024,2022-07-01,2023-07-01,2024-07-01,logreg,0.960246,0.551941,,,,,,,,619,17.7706,-22.8262,-1.1818,4.734,0,0
2026-05-20T16:55:44.705870+00:00,season_backtest_2023_2024,2022-07-01,2023-07-01,2024-07-01,mlp,0.966754,0.543379,,,,,,,,1341,24.7576,-7.7703,-1.7277,4.4251,0,1
2026-05-20T16:55:44.705870+00:00,season_backtest_2023_2024,2022-07-01,2023-07-01,2024-07-01,ensemble,0.956653,0.559361,,,,,,,,311,9.3248,-33.1597,-0.4615,6.7668,0,0
2026-05-20T17:31:46.560522+00:00,season_backtest_2023_2024,2022-07-01,2023-07-01,2024-07-01,base,0.981245,0.526826,,,,,,,,1211,26.2593,-16.5865,-4.6685,4.0908,0,0
2026-05-20T17:31:46.560522+00:00,season_backtest_2023_2024,2022-07-01,2023-07-01,2024-07-01,market,0.952462,0.55879,,,,,,,,0,0.0,0.0,0.0,0.0,1,0
2026-05-20T17:31:46.560522+00:00,season_backtest_2023_2024,2022-07-01,2023-07-01,2024-07-01,meta,0.988613,0.52968,,,,,,,,1313,21.0206,-25.26,-6.4805,4.5388,0,0
2026-05-20T17:31:46.560522+00:00,season_backtest_2023_2024,2022-07-01,2023-07-01,2024-07-01,logreg,0.961771,0.549658,,,,,,,,692,17.7746,-21.7173,-1.4319,4.7494,0,0
2026-05-20T17:31:46.560522+00:00,season_backtest_2023_2024,2022-07-01,2023-07-01,2024-07-01,mlp,0.961208,0.542808,,,,,,,,1156,29.3253,-3.9525,-0.797,3.999,0,1
2026-05-20T17:31:46.560522+00:00,season_backtest_2023_2024,2022-07-01,2023-07-01,2024-07-01,ensemble,0.955603,0.559361,,,,,,,,177,10.1695,-26.622,-0.1738,7.0945,0,0
2026-05-20T17:45:08.998471+00:00,season_backtest_2023_2024,2022-07-01,2023-07-01,2024-07-01,base,0.981245,0.526826,,,,,,,,1211,26.2593,-16.5865,-4.6685,4.0908,0,0
2026-05-20T17:45:08.998471+00:00,season_backtest_2023_2024,2022-07-01,2023-07-01,2024-07-01,market,0.952462,0.55879,,,,,,,,0,0.0,0.0,0.0,0.0,1,0
2026-05-20T17:45:08.998471+00:00,season_backtest_2023_2024,2022-07-01,2023-07-01,2024-07-01,meta,0.988613,0.52968,,,,,,,,1313,21.0206,-25.26,-6.4805,4.5388,0,0
2026-05-20T17:45:08.998471+00:00,season_backtest_2023_2024,2022-07-01,2023-07-01,2024-07-01,logreg,0.961771,0.549658,,,,,,,,692,17.7746,-21.7173,-1.4319,4.7494,0,0
2026-05-20T17:45:08.998471+00:00,season_backtest_2023_2024,2022-07-01,2023-07-01,2024-07-01,mlp,0.961208,0.542808,,,,,,,,1156,29.3253,-3.9525,-0.797,3.999,0,1
2026-05-20T17:45:08.998471+00:00,season_backtest_2023_2024,2022-07-01,2023-07-01,2024-07-01,ensemble,0.955603,0.559361,,,,,,,,177,10.1695,-26.622,-0.1738,7.0945,0,0
2026-05-20T17:50:20.318298+00:00,season_backtest_2023_2024,2022-07-01,2023-07-01,2024-07-01,base,0.981245,0.526826,,,,,,,,1211,26.2593,-16.5865,-4.6685,4.0908,0,0
2026-05-20T17:50:20.318298+00:00,season_backtest_2023_2024,2022-07-01,2023-07-01,2024-07-01,market,0.952462,0.55879,,,,,,,,0,0.0,0.0,0.0,0.0,1,0
2026-05-20T17:50:20.318298+00:00,season_backtest_2023_2024,2022-07-01,2023-07-01,2024-07-01,meta,0.988613,0.52968,,,,,,,,1313,21.0206,-25.26,-6.4805,4.5388,0,0
2026-05-20T17:50:20.318298+00:00,season_backtest_2023_2024,2022-07-01,2023-07-01,2024-07-01,logreg,0.961771,0.549658,,,,,,,,692,17.7746,-21.7173,-1.4319,4.7494,0,0
2026-05-20T17:50:20.318298+00:00,season_backtest_2023_2024,2022-07-01,2023-07-01,2024-07-01,mlp,0.961208,0.542808,,,,,,,,1156,29.3253,-3.9525,-0.797,3.999,0,1
2026-05-20T17:50:20.318298+00:00,season_backtest_2023_2024,2022-07-01,2023-07-01,2024-07-01,ensemble,0.955603,0.559361,,,,,,,,177,10.1695,-26.622,-0.1738,7.0945,0,0
2026-05-20T19:02:06.047365+00:00,season_backtest_2025_2026,2024-07-01,2025-07-01,2026-07-01,base,0.99526,0.51494,,,,,,,,1206,27.6949,-5.9518,-1.4709,4.098,0,0
2026-05-20T19:02:06.047365+00:00,season_backtest_2025_2026,2024-07-01,2025-07-01,2026-07-01,market,0.975365,0.53719,,,,,,,,0,0.0,0.0,0.0,0.0,1,0
2026-05-20T19:02:06.047365+00:00,season_backtest_2025_2026,2024-07-01,2025-07-01,2026-07-01,meta,0.984293,0.527018,,,,,,,,1205,30.7884,1.118,0.2639,3.7552,0,0
2026-05-20T19:02:06.047365+00:00,season_backtest_2025_2026,2024-07-01,2025-07-01,2026-07-01,logreg,0.977604,0.529561,,,,,,,,1070,32.9907,0.3967,0.049,3.656,0,0
2026-05-20T19:02:06.047365+00:00,season_backtest_2025_2026,2024-07-01,2025-07-01,2026-07-01,mlp,0.982019,0.518118,,,,,,,,1317,30.9795,2.7904,0.7109,3.7962,0,1
2026-05-20T19:02:06.047365+00:00,season_backtest_2025_2026,2024-07-01,2025-07-01,2026-07-01,ensemble,0.975365,0.53719,,,,,,,,0,0.0,0.0,0.0,0.0,0,0
2026-05-20T21:36:23.991167+00:00,season_backtest_2025_2026,2024-07-01,2025-07-01,2026-07-01,base,0.99526,0.51494,,,,,,,,1206,27.6949,-5.9518,-1.4709,4.098,0,0
2026-05-20T21:36:23.991167+00:00,season_backtest_2025_2026,2024-07-01,2025-07-01,2026-07-01,market,0.975365,0.53719,,,,,,,,0,0.0,0.0,0.0,0.0,1,0
2026-05-20T21:36:23.991167+00:00,season_backtest_2025_2026,2024-07-01,2025-07-01,2026-07-01,meta,0.984293,0.527018,,,,,,,,1205,30.7884,1.118,0.2639,3.7552,0,0
2026-05-20T21:36:23.991167+00:00,season_backtest_2025_2026,2024-07-01,2025-07-01,2026-07-01,logreg,0.977604,0.529561,,,,,,,,1070,32.9907,0.3967,0.049,3.656,0,0
2026-05-20T21:36:23.991167+00:00,season_backtest_2025_2026,2024-07-01,2025-07-01,2026-07-01,mlp,0.982019,0.518118,,,,,,,,1317,30.9795,2.7904,0.7109,3.7962,0,1
2026-05-20T21:36:23.991167+00:00,season_backtest_2025_2026,2024-07-01,2025-07-01,2026-07-01,ensemble,0.975365,0.53719,,,,,,,,0,0.0,0.0,0.0,0.0,0,0
2026-05-20T21:42:05.467274+00:00,season_backtest_2025_2026,2024-07-01,2025-07-01,2026-07-01,base,0.99526,0.51494,,,,,,,,1206,27.6949,-5.9518,-1.4709,4.098,0,0
2026-05-20T21:42:05.467274+00:00,season_backtest_2025_2026,2024-07-01,2025-07-01,2026-07-01,market,0.975365,0.53719,,,,,,,,0,0.0,0.0,0.0,0.0,1,0
2026-05-20T21:42:05.467274+00:00,season_backtest_2025_2026,2024-07-01,2025-07-01,2026-07-01,meta,0.984293,0.527018,,,,,,,,1205,30.7884,1.118,0.2639,3.7552,0,0
2026-05-20T21:42:05.467274+00:00,season_backtest_2025_2026,2024-07-01,2025-07-01,2026-07-01,logreg,0.977604,0.529561,,,,,,,,1070,32.9907,0.3967,0.049,3.656,0,0
2026-05-20T21:42:05.467274+00:00,season_backtest_2025_2026,2024-07-01,2025-07-01,2026-07-01,mlp,0.982019,0.518118,,,,,,,,1317,30.9795,2.7904,0.7109,3.7962,0,1
2026-05-20T21:42:05.467274+00:00,season_backtest_2025_2026,2024-07-01,2025-07-01,2026-07-01,ensemble,0.975365,0.53719,,,,,,,,0,0.0,0.0,0.0,0.0,0,0
2026-05-29T19:41:41.310654+00:00,final_opening_market_pre_match,2024-07-01,2025-07-01,,base,0.99526,0.51494,0.395182,0.766571,0.017456,0.566946,0.548454,0.28,0.468858,884,24.4344,-18.6789,-3.0479,4.178,0,0
2026-05-29T19:41:41.310654+00:00,final_opening_market_pre_match,2024-07-01,2025-07-01,,market,0.973977,0.538462,0.401705,0.82853,0.002494,0.566946,0.551823,1.0,0.511321,0,0.0,0.0,0.0,0.0,1,0
2026-05-29T19:41:41.310654+00:00,final_opening_market_pre_match,2024-07-01,2025-07-01,,meta,0.981256,0.530197,0.408744,0.76513,0.017456,0.619247,0.564894,0.333333,0.48366,759,26.2187,-9.1669,-0.9014,4.0803,0,0
2026-05-29T19:41:41.310654+00:00,final_opening_market_pre_match,2024-07-01,2025-07-01,,logreg,0.97427,0.536554,0.411363,0.775216,0.014963,0.627615,0.574173,0.428571,0.482315,258,33.7209,-5.7165,-0.1835,3.648,0,0
2026-05-29T19:41:41.310654+00:00,final_opening_market_pre_match,2024-07-01,2025-07-01,,mlp,1.021098,0.483789,0.416953,0.675793,0.117207,0.512552,0.553066,0.248677,0.45709,1286,35.6143,-4.0265,-1.6838,3.2464,0,1
2026-05-29T19:41:41.310654+00:00,final_opening_market_pre_match,2024-07-01,2025-07-01,,ensemble,0.974258,0.53719,0.40138,0.819885,0.002494,0.575314,0.552964,1.0,0.506446,0,0.0,0.0,0.0,0.0,0,0
2026-05-29T20:28:24.011808+00:00,season_backtest_2024_2025_opening_market_opening_price_no_move,2023-07-01,2024-07-01,2025-07-01,base,0.992547,0.520548,0.392915,0.789402,0.004577,0.568221,0.527702,0.4,0.509288,1115,25.6502,-10.7187,-2.5024,4.3069,0,0
2026-05-29T20:28:24.011808+00:00,season_backtest_2024_2025_opening_market_opening_price_no_move,2023-07-01,2024-07-01,2025-07-01,market,0.964021,0.535959,0.402887,0.826087,0.002288,0.569948,0.531934,0.333333,0.544554,0,0.0,0.0,0.0,0.0,0,0
2026-05-29T20:28:24.011808+00:00,season_backtest_2024_2025_opening_market_opening_price_no_move,2023-07-01,2024-07-01,2025-07-01,meta,0.973775,0.539384,0.40354,0.841033,0.0,0.56304,0.532244,0.0,0.554422,880,27.2727,-9.9024,-1.303,3.7419,0,0
2026-05-29T20:28:24.011808+00:00,season_backtest_2024_2025_opening_market_opening_price_no_move,2023-07-01,2024-07-01,2025-07-01,logreg,0.963501,0.54395,0.432041,0.802989,0.04119,0.594128,0.549767,0.382979,0.546032,1096,31.6606,3.0569,0.4443,3.7136,1,1
2026-05-29T20:28:24.011808+00:00,season_backtest_2024_2025_opening_market_opening_price_no_move,2023-07-01,2024-07-01,2025-07-01,mlp,0.988736,0.530251,0.425687,0.802989,0.050343,0.545769,0.539726,0.278481,0.546713,1261,28.6281,-7.912,-2.1532,3.8345,0,0
2026-05-29T20:28:24.011808+00:00,season_backtest_2024_2025_opening_market_opening_price_no_move,2023-07-01,2024-07-01,2025-07-01,ensemble,0.96531,0.538242,0.402458,0.836957,0.0,0.564767,0.534258,0.0,0.54591,54,18.5185,-8.8894,-0.0235,6.4993,0,0
2026-05-29T20:36:51.851784+00:00,final_opening_market_pre_match,2024-07-01,2025-07-01,,base,0.99526,0.51494,0.395182,0.766571,0.017456,0.566946,0.548454,0.28,0.468858,884,24.4344,-18.6789,-3.0479,4.178,0,0
2026-05-29T20:36:51.851784+00:00,final_opening_market_pre_match,2024-07-01,2025-07-01,,market,0.973977,0.538462,0.401705,0.82853,0.002494,0.566946,0.551823,1.0,0.511321,0,0.0,0.0,0.0,0.0,1,0
2026-05-29T20:36:51.851784+00:00,final_opening_market_pre_match,2024-07-01,2025-07-01,,market_corr,0.97469,0.536554,0.401446,0.814121,0.002494,0.58159,0.552838,1.0,0.505455,4,0.0,-100.0,-0.0144,6.245,0,0
2026-05-29T20:36:51.851784+00:00,final_opening_market_pre_match,2024-07-01,2025-07-01,,meta,0.981682,0.530197,0.408744,0.76513,0.017456,0.619247,0.564894,0.333333,0.48366,733,25.1023,-10.5709,-0.9972,4.1682,0,0
2026-05-29T20:36:51.851784+00:00,final_opening_market_pre_match,2024-07-01,2025-07-01,,logreg,0.97427,0.536554,0.411363,0.775216,0.014963,0.627615,0.574173,0.428571,0.482315,258,33.7209,-5.7165,-0.1835,3.648,0,1
2026-05-29T20:36:51.851784+00:00,final_opening_market_pre_match,2024-07-01,2025-07-01,,mlp,0.986166,0.523204,0.414759,0.73487,0.037406,0.623431,0.573034,0.357143,0.464899,1032,24.9031,-7.1469,-1.0645,4.2275,0,0
2026-05-29T20:36:51.851784+00:00,final_opening_market_pre_match,2024-07-01,2025-07-01,,ensemble,0.974186,0.536554,0.400651,0.821326,0.002494,0.57113,0.551791,1.0,0.506494,0,0.0,0.0,0.0,0.0,0,0
2026-05-29T20:44:45.967581+00:00,final_opening_market_pre_match,2024-07-01,2025-07-01,,base,0.99526,0.51494,0.395182,0.766571,0.017456,0.566946,0.548454,0.28,0.468858,884,24.4344,-18.6789,-3.0479,4.178,0,0
2026-05-29T20:44:45.967581+00:00,final_opening_market_pre_match,2024-07-01,2025-07-01,,market,0.973977,0.538462,0.401705,0.82853,0.002494,0.566946,0.551823,1.0,0.511321,0,0.0,0.0,0.0,0.0,1,0
2026-05-29T20:44:45.967581+00:00,final_opening_market_pre_match,2024-07-01,2025-07-01,,market_corr,0.973977,0.538462,0.401705,0.82853,0.002494,0.566946,0.551823,1.0,0.511321,0,0.0,0.0,0.0,0.0,0,0
2026-05-29T20:44:45.967581+00:00,final_opening_market_pre_match,2024-07-01,2025-07-01,,meta,0.980932,0.532104,0.422266,0.756484,0.0399,0.619247,0.572519,0.363636,0.48366,752,26.5957,-9.0849,-0.9008,4.009,0,0
2026-05-29T20:44:45.967581+00:00,final_opening_market_pre_match,2024-07-01,2025-07-01,,logreg,0.97427,0.536554,0.411363,0.775216,0.014963,0.627615,0.574173,0.428571,0.482315,258,33.7209,-5.7165,-0.1835,3.648,0,0
2026-05-29T20:44:45.967581+00:00,final_opening_market_pre_match,2024-07-01,2025-07-01,,mlp,0.983184,0.51049,0.427458,0.75072,0.094763,0.51046,0.548421,0.269504,0.506224,989,31.3448,-5.6744,-1.2261,3.534,0,1
2026-05-29T20:44:45.967581+00:00,final_opening_market_pre_match,2024-07-01,2025-07-01,,ensemble,0.974331,0.536554,0.401399,0.814121,0.002494,0.58159,0.553379,1.0,0.504537,0,0.0,0.0,0.0,0.0,0,0
2026-05-29T21:17:50.341796+00:00,final_opening_market_pre_match,2024-07-01,2025-07-01,,base,0.995673,0.51494,0.395182,0.766571,0.017456,0.566946,0.548454,0.28,0.468858,921,23.3442,-20.8188,-3.5671,4.0549,0,0
2026-05-29T21:17:50.341796+00:00,final_opening_market_pre_match,2024-07-01,2025-07-01,,market,0.973977,0.538462,0.401705,0.82853,0.002494,0.566946,0.551823,1.0,0.511321,0,0.0,0.0,0.0,0.0,0,0
2026-05-29T21:17:50.341796+00:00,final_opening_market_pre_match,2024-07-01,2025-07-01,,market_corr,0.973977,0.538462,0.401705,0.82853,0.002494,0.566946,0.551823,1.0,0.511321,0,0.0,0.0,0.0,0.0,0,0
2026-05-29T21:17:50.341796+00:00,final_opening_market_pre_match,2024-07-01,2025-07-01,,meta,0.981611,0.530197,0.408532,0.76513,0.017456,0.619247,0.563694,0.368421,0.48366,736,25.4076,-10.0153,-0.947,4.1631,0,0
2026-05-29T21:17:50.341796+00:00,final_opening_market_pre_match,2024-07-01,2025-07-01,,logreg,0.973762,0.536554,0.411363,0.775216,0.014963,0.627615,0.574173,0.428571,0.482315,224,37.5,-4.494,-0.1296,2.9863,1,0
2026-05-29T21:17:50.341796+00:00,final_opening_market_pre_match,2024-07-01,2025-07-01,,mlp,0.989198,0.518754,0.409104,0.778098,0.037406,0.546025,0.556128,0.230769,0.486034,1139,25.7243,-3.5198,-0.7628,4.1737,0,1
2026-05-29T21:17:50.341796+00:00,final_opening_market_pre_match,2024-07-01,2025-07-01,,ensemble,0.974181,0.536554,0.400651,0.821326,0.002494,0.57113,0.551791,1.0,0.506494,0,0.0,0.0,0.0,0.0,0,0
2026-05-29T21:25:03.920181+00:00,final_opening_market_pre_match,2024-07-01,2025-07-01,,base,0.995673,0.51494,0.395182,0.766571,0.017456,0.566946,0.548454,0.28,0.468858,921,23.3442,-20.8188,-3.5671,4.0549,0,0
2026-05-29T21:25:03.920181+00:00,final_opening_market_pre_match,2024-07-01,2025-07-01,,market,0.973977,0.538462,0.401705,0.82853,0.002494,0.566946,0.551823,1.0,0.511321,0,0.0,0.0,0.0,0.0,0,0
2026-05-29T21:25:03.920181+00:00,final_opening_market_pre_match,2024-07-01,2025-07-01,,market_corr,0.973977,0.538462,0.401705,0.82853,0.002494,0.566946,0.551823,1.0,0.511321,0,0.0,0.0,0.0,0.0,0,0
2026-05-29T21:25:03.920181+00:00,final_opening_market_pre_match,2024-07-01,2025-07-01,,meta,0.981611,0.530197,0.408532,0.76513,0.017456,0.619247,0.563694,0.368421,0.48366,736,25.4076,-10.0153,-0.947,4.1631,0,0
2026-05-29T21:25:03.920181+00:00,final_opening_market_pre_match,2024-07-01,2025-07-01,,logreg,0.973762,0.536554,0.411363,0.775216,0.014963,0.627615,0.574173,0.428571,0.482315,224,37.5,-4.494,-0.1296,2.9863,1,0
2026-05-29T21:25:03.920181+00:00,final_opening_market_pre_match,2024-07-01,2025-07-01,,mlp,0.989198,0.518754,0.409104,0.778098,0.037406,0.546025,0.556128,0.230769,0.486034,1139,25.7243,-3.5198,-0.7628,4.1737,0,1
2026-05-29T21:25:03.920181+00:00,final_opening_market_pre_match,2024-07-01,2025-07-01,,ensemble,0.974181,0.536554,0.400651,0.821326,0.002494,0.57113,0.551791,1.0,0.506494,0,0.0,0.0,0.0,0.0,0,0
2026-05-29T21:26:20.521448+00:00,season_backtest_2022_2023_opening_market_opening_price_no_move,2021-07-01,2022-07-01,2023-07-01,base,0.999968,0.526287,0.391476,0.758084,0.002257,0.596715,0.565179,0.5,0.464489,1163,29.7506,-7.5741,-2.0283,3.9279,0,0
2026-05-29T21:26:20.521448+00:00,season_backtest_2022_2023_opening_market_opening_price_no_move,2021-07-01,2022-07-01,2023-07-01,market,0.977899,0.541073,0.400485,0.803593,0.002257,0.576642,0.569126,0.25,0.491446,0,0.0,0.0,0.0,0.0,1,0
2026-05-29T21:26:20.521448+00:00,season_backtest_2022_2023_opening_market_opening_price_no_move,2021-07-01,2022-07-01,2023-07-01,market_corr,0.977899,0.541073,0.400485,0.803593,0.002257,0.576642,0.569126,0.25,0.491446,0,0.0,0.0,0.0,0.0,0,0
2026-05-29T21:26:20.521448+00:00,season_backtest_2022_2023_opening_market_opening_price_no_move,2021-07-01,2022-07-01,2023-07-01,meta,0.987401,0.535049,0.416892,0.792814,0.042889,0.540146,0.562447,0.395833,0.492512,1007,24.3297,-5.4861,-0.7931,4.3906,0,0
2026-05-29T21:26:20.521448+00:00,season_backtest_2022_2023_opening_market_opening_price_no_move,2021-07-01,2022-07-01,2023-07-01,logreg,0.98065,0.539978,0.40015,0.8,0.002257,0.578467,0.568995,0.166667,0.490712,40,25.0,-27.5589,-0.0718,3.706,0,0
2026-05-29T21:26:20.521448+00:00,season_backtest_2022_2023_opening_market_opening_price_no_move,2021-07-01,2022-07-01,2023-07-01,mlp,0.992483,0.518072,0.413617,0.756886,0.056433,0.527372,0.566816,0.233645,0.478477,1317,27.183,-5.4728,-1.1656,4.0849,0,1
2026-05-29T21:26:20.521448+00:00,season_backtest_2022_2023_opening_market_opening_price_no_move,2021-07-01,2022-07-01,2023-07-01,ensemble,0.977905,0.540526,0.400002,0.803593,0.002257,0.574818,0.568163,0.25,0.49142,0,0.0,0.0,0.0,0.0,0,0
2026-05-29T22:19:34.494060+00:00,season_backtest_2023_2024_opening_market_opening_price_no_move,2022-07-01,2023-07-01,2024-07-01,base,0.980528,0.525114,0.396683,0.8,0.00216,0.589888,0.538324,0.5,0.501592,1077,25.9053,-17.1991,-3.949,4.0261,0,0
2026-05-29T22:19:34.494060+00:00,season_backtest_2023_2024_opening_market_opening_price_no_move,2022-07-01,2023-07-01,2024-07-01,market,0.955551,0.550228,0.414985,0.84106,0.0,0.616105,0.55507,0.0,0.541118,0,0.0,0.0,0.0,0.0,1,0
2026-05-29T22:19:34.494060+00:00,season_backtest_2023_2024_opening_market_opening_price_no_move,2022-07-01,2023-07-01,2024-07-01,market_corr,0.955551,0.550228,0.414985,0.84106,0.0,0.616105,0.55507,0.0,0.541118,0,0.0,0.0,0.0,0.0,0,0
2026-05-29T22:19:34.494060+00:00,season_backtest_2023_2024_opening_market_opening_price_no_move,2022-07-01,2023-07-01,2024-07-01,meta,0.982204,0.546233,0.409791,0.871523,0.0,0.559925,0.540674,0.0,0.564151,1075,21.3953,-25.1441,-4.5475,4.4488,0,0
2026-05-29T22:19:34.494060+00:00,season_backtest_2023_2024_opening_market_opening_price_no_move,2022-07-01,2023-07-01,2024-07-01,logreg,0.961402,0.548516,0.413351,0.859603,0.00216,0.582397,0.544463,1.0,0.556351,937,24.4397,-5.4145,-0.5836,4.3038,0,1
2026-05-29T22:19:34.494060+00:00,season_backtest_2023_2024_opening_market_opening_price_no_move,2022-07-01,2023-07-01,2024-07-01,mlp,0.977419,0.5371,0.410963,0.831788,0.012959,0.574906,0.547993,0.333333,0.522109,1200,23.75,-19.9979,-4.3389,4.1568,0,0
2026-05-29T22:19:34.494060+00:00,season_backtest_2023_2024_opening_market_opening_price_no_move,2022-07-01,2023-07-01,2024-07-01,ensemble,0.959338,0.550799,0.415224,0.847682,0.0,0.608614,0.551724,0.0,0.548986,173,8.0925,-38.2735,-0.2692,7.0661,0,0
2026-05-29T23:42:36.550238+00:00,season_backtest_2024_2025_opening_market_opening_price_no_move,2023-07-01,2024-07-01,2025-07-01,base,1.01049,0.520548,0.392915,0.789402,0.004577,0.568221,0.527702,0.4,0.509288,1267,20.5209,-14.4337,-3.5302,4.6696,0,0
2026-05-29T23:42:36.550238+00:00,season_backtest_2024_2025_opening_market_opening_price_no_move,2023-07-01,2024-07-01,2025-07-01,market,0.964021,0.535959,0.402887,0.826087,0.002288,0.569948,0.531934,0.333333,0.544554,0,0.0,0.0,0.0,0.0,1,0
2026-05-29T23:42:36.550238+00:00,season_backtest_2024_2025_opening_market_opening_price_no_move,2023-07-01,2024-07-01,2025-07-01,market_corr,0.9641,0.535388,0.402815,0.819293,0.002288,0.576857,0.533628,0.333333,0.53958,188,16.4894,-13.3407,-0.1339,5.0756,0,0
2026-05-29T23:42:36.550238+00:00,season_backtest_2024_2025_opening_market_opening_price_no_move,2023-07-01,2024-07-01,2025-07-01,meta,0.972397,0.53653,0.400147,0.849185,0.0,0.544041,0.527426,0.0,0.555556,635,23.622,-14.2595,-0.9697,4.0701,0,0
2026-05-29T23:42:36.550238+00:00,season_backtest_2024_2025_opening_market_opening_price_no_move,2023-07-01,2024-07-01,2025-07-01,logreg,0.964236,0.54395,0.432041,0.802989,0.04119,0.594128,0.549767,0.382979,0.546032,1300,30.3846,1.2572,0.22,3.9144,0,1
2026-05-29T23:42:36.550238+00:00,season_backtest_2024_2025_opening_market_opening_price_no_move,2023-07-01,2024-07-01,2025-07-01,mlp,0.983191,0.525685,0.433779,0.728261,0.066362,0.614853,0.550308,0.29,0.525074,1384,31.4306,-5.257,-1.7869,3.7022,0,0
2026-05-29T23:42:36.550238+00:00,season_backtest_2024_2025_opening_market_opening_price_no_move,2023-07-01,2024-07-01,2025-07-01,ensemble,0.96436,0.535388,0.40109,0.827446,0.0,0.568221,0.531878,0.0,0.543802,0,0.0,0.0,0.0,0.0,0,0
2026-05-29T23:57:00.763402+00:00,season_backtest_2022_2023_opening_market_opening_price_no_move,2021-07-01,2022-07-01,2023-07-01,base,1.01128,0.526287,0.391476,0.758084,0.002257,0.596715,0.565179,0.5,0.464489,1284,22.8193,-10.7312,-2.5506,4.6423,0,0
2026-05-29T23:57:00.763402+00:00,season_backtest_2022_2023_opening_market_opening_price_no_move,2021-07-01,2022-07-01,2023-07-01,market,0.977899,0.541073,0.400485,0.803593,0.002257,0.576642,0.569126,0.25,0.491446,0,0.0,0.0,0.0,0.0,1,0
2026-05-29T23:57:00.763402+00:00,season_backtest_2022_2023_opening_market_opening_price_no_move,2021-07-01,2022-07-01,2023-07-01,market_corr,0.977899,0.541073,0.400485,0.803593,0.002257,0.576642,0.569126,0.25,0.491446,0,0.0,0.0,0.0,0.0,0,0
2026-05-29T23:57:00.763402+00:00,season_backtest_2022_2023_opening_market_opening_price_no_move,2021-07-01,2022-07-01,2023-07-01,meta,0.991238,0.533406,0.406341,0.801198,0.024831,0.536496,0.558897,0.323529,0.494118,994,22.0322,-3.7949,-0.4642,4.8169,0,1
2026-05-29T23:57:00.763402+00:00,season_backtest_2022_2023_opening_market_opening_price_no_move,2021-07-01,2022-07-01,2023-07-01,logreg,0.979312,0.539978,0.40015,0.8,0.002257,0.578467,0.568995,0.166667,0.490712,4,0.0,-100.0,-0.0174,4.01,0,0
2026-05-29T23:57:00.763402+00:00,season_backtest_2022_2023_opening_market_opening_price_no_move,2021-07-01,2022-07-01,2023-07-01,mlp,0.994144,0.519715,0.432862,0.736527,0.099323,0.529197,0.568918,0.285714,0.490694,1316,24.2401,-5.4623,-1.1691,4.2351,0,0
2026-05-29T23:57:00.763402+00:00,season_backtest_2022_2023_opening_market_opening_price_no_move,2021-07-01,2022-07-01,2023-07-01,ensemble,0.977899,0.541073,0.400485,0.803593,0.002257,0.576642,0.569126,0.25,0.491446,0,0.0,0.0,0.0,0.0,0,0
2026-05-30T00:02:01.423994+00:00,season_backtest_2023_2024_opening_market_opening_price_no_move,2022-07-01,2023-07-01,2024-07-01,base,0.980528,0.525114,0.396683,0.8,0.00216,0.589888,0.538324,0.5,0.501592,1077,25.9053,-17.1991,-3.949,4.0261,0,0
2026-05-30T00:02:01.423994+00:00,season_backtest_2023_2024_opening_market_opening_price_no_move,2022-07-01,2023-07-01,2024-07-01,market,0.955551,0.550228,0.414985,0.84106,0.0,0.616105,0.55507,0.0,0.541118,0,0.0,0.0,0.0,0.0,1,0
2026-05-30T00:02:01.423994+00:00,season_backtest_2023_2024_opening_market_opening_price_no_move,2022-07-01,2023-07-01,2024-07-01,market_corr,0.955551,0.550228,0.414985,0.84106,0.0,0.616105,0.55507,0.0,0.541118,0,0.0,0.0,0.0,0.0,0,0
2026-05-30T00:02:01.423994+00:00,season_backtest_2023_2024_opening_market_opening_price_no_move,2022-07-01,2023-07-01,2024-07-01,meta,0.982204,0.546233,0.409791,0.871523,0.0,0.559925,0.540674,0.0,0.564151,1075,21.3953,-25.1441,-4.5475,4.4488,0,0
2026-05-30T00:02:01.423994+00:00,season_backtest_2023_2024_opening_market_opening_price_no_move,2022-07-01,2023-07-01,2024-07-01,logreg,0.961402,0.548516,0.413351,0.859603,0.00216,0.582397,0.544463,1.0,0.556351,937,24.4397,-5.4145,-0.5836,4.3038,0,1
2026-05-30T00:02:01.423994+00:00,season_backtest_2023_2024_opening_market_opening_price_no_move,2022-07-01,2023-07-01,2024-07-01,mlp,0.977419,0.5371,0.410963,0.831788,0.012959,0.574906,0.547993,0.333333,0.522109,1200,23.75,-19.9979,-4.3389,4.1568,0,0
2026-05-30T00:02:01.423994+00:00,season_backtest_2023_2024_opening_market_opening_price_no_move,2022-07-01,2023-07-01,2024-07-01,ensemble,0.959338,0.550799,0.415224,0.847682,0.0,0.608614,0.551724,0.0,0.548986,173,8.0925,-38.2735,-0.2692,7.0661,0,0
2026-05-30T00:07:48.843499+00:00,season_backtest_2024_2025_opening_market_opening_price_no_move,2023-07-01,2024-07-01,2025-07-01,base,1.01049,0.520548,0.392915,0.789402,0.004577,0.568221,0.527702,0.4,0.509288,1267,20.5209,-14.4337,-3.5302,4.6696,0,0
2026-05-30T00:07:48.843499+00:00,season_backtest_2024_2025_opening_market_opening_price_no_move,2023-07-01,2024-07-01,2025-07-01,market,0.964021,0.535959,0.402887,0.826087,0.002288,0.569948,0.531934,0.333333,0.544554,0,0.0,0.0,0.0,0.0,1,0
2026-05-30T00:07:48.843499+00:00,season_backtest_2024_2025_opening_market_opening_price_no_move,2023-07-01,2024-07-01,2025-07-01,market_corr,0.9641,0.535388,0.402815,0.819293,0.002288,0.576857,0.533628,0.333333,0.53958,188,16.4894,-13.3407,-0.1339,5.0756,0,0
2026-05-30T00:07:48.843499+00:00,season_backtest_2024_2025_opening_market_opening_price_no_move,2023-07-01,2024-07-01,2025-07-01,meta,0.972397,0.53653,0.400147,0.849185,0.0,0.544041,0.527426,0.0,0.555556,635,23.622,-14.2595,-0.9697,4.0701,0,0
2026-05-30T00:07:48.843499+00:00,season_backtest_2024_2025_opening_market_opening_price_no_move,2023-07-01,2024-07-01,2025-07-01,logreg,0.964236,0.54395,0.432041,0.802989,0.04119,0.594128,0.549767,0.382979,0.546032,1300,30.3846,1.2572,0.22,3.9144,0,1
2026-05-30T00:07:48.843499+00:00,season_backtest_2024_2025_opening_market_opening_price_no_move,2023-07-01,2024-07-01,2025-07-01,mlp,0.983191,0.525685,0.433779,0.728261,0.066362,0.614853,0.550308,0.29,0.525074,1384,31.4306,-5.257,-1.7869,3.7022,0,0
2026-05-30T00:07:48.843499+00:00,season_backtest_2024_2025_opening_market_opening_price_no_move,2023-07-01,2024-07-01,2025-07-01,ensemble,0.96436,0.535388,0.40109,0.827446,0.0,0.568221,0.531878,0.0,0.543802,0,0.0,0.0,0.0,0.0,0,0
2026-05-30T12:01:59.537470+00:00,user_retrain,2024-07-01,2025-07-01,,base,0.995673,0.51494,0.395182,0.766571,0.017456,0.566946,0.548454,0.28,0.468858,921,23.3442,-20.8188,-3.5671,4.0549,0,0
2026-05-30T12:01:59.537470+00:00,user_retrain,2024-07-01,2025-07-01,,market,0.973977,0.538462,0.401705,0.82853,0.002494,0.566946,0.551823,1.0,0.511321,0,0.0,0.0,0.0,0.0,0,0
2026-05-30T12:01:59.537470+00:00,user_retrain,2024-07-01,2025-07-01,,market_corr,0.973977,0.538462,0.401705,0.82853,0.002494,0.566946,0.551823,1.0,0.511321,0,0.0,0.0,0.0,0.0,0,0
2026-05-30T12:01:59.537470+00:00,user_retrain,2024-07-01,2025-07-01,,meta,0.981611,0.530197,0.408532,0.76513,0.017456,0.619247,0.563694,0.368421,0.48366,736,25.4076,-10.0153,-0.947,4.1631,0,0
2026-05-30T12:01:59.537470+00:00,user_retrain,2024-07-01,2025-07-01,,logreg,0.973762,0.536554,0.411363,0.775216,0.014963,0.627615,0.574173,0.428571,0.482315,224,37.5,-4.494,-0.1296,2.9863,1,0
2026-05-30T12:01:59.537470+00:00,user_retrain,2024-07-01,2025-07-01,,mlp,0.989198,0.518754,0.409104,0.778098,0.037406,0.546025,0.556128,0.230769,0.486034,1139,25.7243,-3.5198,-0.7628,4.1737,0,1
2026-05-30T12:01:59.537470+00:00,user_retrain,2024-07-01,2025-07-01,,ensemble,0.974181,0.536554,0.400651,0.821326,0.002494,0.57113,0.551791,1.0,0.506494,0,0.0,0.0,0.0,0.0,0,0
2026-06-01T20:11:15.089049+00:00,user_retrain,2024-07-01,2025-07-01,,base,0.995673,0.51494,0.395182,0.766571,0.017456,0.566946,0.548454,0.28,0.468858,921,23.3442,-20.8188,-3.5671,4.0549,0,0
2026-06-01T20:11:15.089049+00:00,user_retrain,2024-07-01,2025-07-01,,market,0.973977,0.538462,0.401705,0.82853,0.002494,0.566946,0.551823,1.0,0.511321,0,0.0,0.0,0.0,0.0,0,0
2026-06-01T20:11:15.089049+00:00,user_retrain,2024-07-01,2025-07-01,,market_corr,0.973977,0.538462,0.401705,0.82853,0.002494,0.566946,0.551823,1.0,0.511321,0,0.0,0.0,0.0,0.0,0,0
2026-06-01T20:11:15.089049+00:00,user_retrain,2024-07-01,2025-07-01,,meta,0.981611,0.530197,0.408532,0.76513,0.017456,0.619247,0.563694,0.368421,0.48366,736,25.4076,-10.0153,-0.947,4.1631,0,0
2026-06-01T20:11:15.089049+00:00,user_retrain,2024-07-01,2025-07-01,,logreg,0.973762,0.536554,0.411363,0.775216,0.014963,0.627615,0.574173,0.428571,0.482315,224,37.5,-4.494,-0.1296,2.9863,1,0
2026-06-01T20:11:15.089049+00:00,user_retrain,2024-07-01,2025-07-01,,mlp,0.989198,0.518754,0.409104,0.778098,0.037406,0.546025,0.556128,0.230769,0.486034,1139,25.7243,-3.5198,-0.7628,4.1737,0,1
2026-06-01T20:11:15.089049+00:00,user_retrain,2024-07-01,2025-07-01,,ensemble,0.974181,0.536554,0.400651,0.821326,0.002494,0.57113,0.551791,1.0,0.506494,0,0.0,0.0,0.0,0.0,0,0
